NameFirst,NameLast,SamAccountName,Privileged_SamAccountName
Ferdinand,Francis,Ferdinand.Francis,adm_ffrancis
Donovan,Wheeler,Donovan.Wheeler,adm_dwheeler
Darryl,Dawson,Darryl.Dawson,adm_ddawson
Rachel,Morrison,Rachel.Morrison,adm_rmorrison
September,Huff,September.Huff,adm_shuff
Dane,Obrien,Dane.Obrien,adm_dobrien
Tiger,Bernard,Tiger.Bernard,adm_tbernard
Delly,Obrien,Delly.Obrien,adm_dobrien
Kelly,Ritz,Kelly.Ritz,adm_kritz
